,name,accuracy
0,gs_reg_log,0.5118110236220472
1,gs_rand_forest,0.639226914817466
2,gs_svm,0.31066571224051537
3,gs_knc,0.36435218324982105
4,gs_dtree,0.3600572655690766
